{"sex_enc": 0.6881188118811881, "age": 27.466633663366338}